[{"model": "events.category", "pk": 1, "fields": {"name": "Comedy", "description": "Need a laugh? This is the category for you. Funny stuff to make you giggle, gaff and guffaw", "splash_photo": "events/Comedy_XW8WR3W.jfif", "hex_color": "FFA500", "updated": "2023-04-10T16:16:10.613Z", "created": "2023-04-10T16:16:10.613Z"}}, {"model": "events.category", "pk": 2, "fields": {"name": "Stand Up Comedy", "description": "One person and a mic try their best to make you double over with laughter.", "splash_photo": "events/StandUp_g8HbQ8R.jfif", "hex_color": "FF0000", "updated": "2023-04-10T16:17:08.848Z", "created": "2023-04-10T16:17:08.848Z"}}, {"model": "events.category", "pk": 3, "fields": {"name": "Drama", "description": "Drama! Scandalous stories and tales of woe", "splash_photo": "events/Drama.png", "hex_color": "7851A9", "updated": "2023-04-10T16:21:22.619Z", "created": "2023-04-10T16:21:22.619Z"}}, {"model": "events.category", "pk": 4, "fields": {"name": "Music", "description": "Tuuuuuuuuuuuuuuuuuuuuunes", "splash_photo": "events/Music_MiNODmE.png", "hex_color": "0000FF", "updated": "2023-04-10T16:22:20.241Z", "created": "2023-04-10T16:22:20.241Z"}}, {"model": "events.category", "pk": 5, "fields": {"name": "Invite Only", "description": "Personal events with access for only those with an invitation from the broadcaster", "splash_photo": "events/InviteOnly_gMzYQ4l.jfif", "hex_color": "C0C0C0", "updated": "2023-04-10T16:24:00.639Z", "created": "2023-04-10T16:24:00.639Z"}}, {"model": "events.category", "pk": 6, "fields": {"name": "Romance", "description": "Love is in the air!", "splash_photo": "events/romance.png", "hex_color": "FFC0CB", "updated": "2023-04-10T16:27:34.358Z", "created": "2023-04-10T16:27:34.358Z"}}, {"model": "events.category", "pk": 7, "fields": {"name": "Theatre", "description": "Live On Stage!", "splash_photo": "events/Theatre_lTSCoH0.jfif", "hex_color": "FFFF00", "updated": "2023-04-10T16:28:30.246Z", "created": "2023-04-10T16:28:30.246Z"}}, {"model": "events.category", "pk": 8, "fields": {"name": "Talks", "description": "Talks about any subject that you can think of.. all you have to do is listen", "splash_photo": "events/Talks_4Frgcr0.jpg", "hex_color": "00FF00", "updated": "2023-04-10T16:29:35.090Z", "created": "2023-04-10T16:29:35.090Z"}}, {"model": "events.ticketlisting", "pk": 1, "fields": {"listing_id": "4052b0cd-f32b-4524-990e-7cbb0e828262", "event": "TestEvnt", "ticket_detail": "Stream", "price": "2.00", "ticket_type": 0, "showing": null, "maximum_stock": 0, "remaining_stock": 0}}, {"model": "events.ticketlisting", "pk": 2, "fields": {"listing_id": "4486a59a-5395-4252-9a50-d8cb469b7277", "event": "TestEvnt", "ticket_detail": "Balcony", "price": "20.00", "ticket_type": 1, "showing": null, "maximum_stock": 100, "remaining_stock": 99}}, {"model": "events.ticketlisting", "pk": 3, "fields": {"listing_id": "ec64d984-79b5-4ef2-8da3-79049f0400f9", "event": "TestEvnt", "ticket_detail": "Pit", "price": "150.00", "ticket_type": 1, "showing": null, "maximum_stock": 50, "remaining_stock": 40}}, {"model": "events.ticketlisting", "pk": 5, "fields": {"listing_id": "bd2bffe6-dd43-4903-a0a3-165d74e56c03", "event": "XtraEvnt", "ticket_detail": "Streaming Ticket", "price": "1.00", "ticket_type": 0, "showing": null, "maximum_stock": 0, "remaining_stock": 0}}, {"model": "events.event", "pk": "7DaysOld", "fields": {"title": "Demo 7 Day Old Event (No showings left)", "description": "Lorem ipsum dolor sit amet, consectetur adipiscing elit, sed do eiusmod tempor incididunt ut labore et dolore magna aliqua. Ut enim ad minim veniam, quis nostrud exercitation ullamco laboris nisi ut aliquip ex ea commodo consequat. Duis aute irure dolor in reprehenderit in voluptate velit esse cillum dolore eu fugiat nulla pariatur. Excepteur sint occaecat cupidatat non proident, sunt in culpa qui officia deserunt mollit anim id est laborum.", "over_18s": true, "broadcaster": "018e7f0d-75ac-47d5-8d19-12027591ba94", "primary_media_idx": 0, "approved": true, "created": "2023-04-18T21:38:58.483Z", "updated": "2023-04-24T17:30:45.895Z", "categories": [3, 6]}}, {"model": "events.event", "pk": "NewEvent", "fields": {"title": "Demo Categories Media", "description": "Lorem ipsum dolor sit amet, consectetur adipiscing elit, sed do eiusmod tempor incididunt ut labore et dolore magna aliqua. Ut enim ad minim veniam, quis nostrud exercitation ullamco laboris nisi ut aliquip ex ea commodo consequat. Duis aute irure dolor in reprehenderit in voluptate velit esse cillum dolore eu fugiat nulla pariatur. Excepteur sint occaecat cupidatat non proident, sunt in culpa qui officia deserunt mollit anim id est laborum.", "over_18s": false, "broadcaster": "018e7f0d-75ac-47d5-8d19-12027591ba94", "primary_media_idx": 0, "approved": true, "created": "2023-04-10T16:40:49.340Z", "updated": "2023-04-24T17:25:08.151Z", "categories": [1, 2, 3, 4, 5, 6, 7, 8]}}, {"model": "events.event", "pk": "TestEvnt", "fields": {"title": "Demo Reviews ShowingsTickets Trailer", "description": "Lorem ipsum dolor sit amet, consectetur adipiscing elit, sed do eiusmod tempor incididunt ut labore et dolore magna aliqua. Ut enim ad minim veniam, quis nostrud exercitation ullamco laboris nisi ut aliquip ex ea commodo consequat. Duis aute irure dolor in reprehenderit in voluptate velit esse cillum dolore eu fugiat nulla pariatur. Excepteur sint occaecat cupidatat non proident, sunt in culpa qui officia deserunt mollit anim id est laborumLorem ipsum dolor sit amet, consectetur adipiscing elit, sed do eiusmod tempor incididunt ut labore et dolore magna aliqua. Ut enim ad minim veniam, quis nostrud exercitation ullamco laboris nisi ut aliquip ex ea commodo consequat. Duis aute irure dolor in reprehenderit in voluptate velit esse cillum dolore eu fugiat nulla pariatur. Excepteur sint occaecat cupidatat non proident, sunt in culpa qui officia deserunt mollit anim id est laborum. Lorem ipsum dolor sit amet, consectetur adipiscing elit, sed do eiusmod tempor incididunt ut labore et dolore magna aliqua. Ut enim ad minim veniam, quis nostrud exercitation ullamco laboris nisi ut aliquip ex ea commodo consequat. Duis aute irure dolor in reprehenderit in voluptate velit esse cillum dolore eu fugiat nulla pariatur. Excepteur sint occaecat cupidatat non proident, sunt in culpa qui officia deserunt mollit anim id est laborumLorem ipsum dolor sit amet, consectetur adipiscing elit, sed do eiusmod tempor incididunt ut labore et dolore magna aliqua. Ut enim ad minim veniam, quis nostrud exercitation ullamco laboris nisi ut aliquip ex ea commodo consequat. Duis aute irure dolor in reprehenderit in voluptate velit esse cillum dolore eu fugiat nulla pariatur. Excepteur sint occaecat cupidatat non proident, sunt in culpa qui officia deserunt mollit anim id est laborum", "over_18s": false, "broadcaster": "018e7f0d-75ac-47d5-8d19-12027591ba94", "primary_media_idx": 0, "approved": true, "created": "2023-04-10T16:37:12.440Z", "updated": "2023-04-24T17:34:05.249Z", "categories": [1, 3, 4, 5, 6]}}, {"model": "events.event", "pk": "TstEvnt2", "fields": {"title": "Demo 2 showings Short Desc No media No reviews 1 Categories", "description": "Lorem ipsum dolor s", "over_18s": false, "broadcaster": "018e7f0d-75ac-47d5-8d19-12027591ba94", "primary_media_idx": 0, "approved": true, "created": "2023-04-10T16:39:38.439Z", "updated": "2023-04-24T17:34:32.841Z", "categories": [8]}}, {"model": "events.event", "pk": "UnApEvnt", "fields": {"title": "Unapproved Event", "description": "Unapppppppppppppppppppppppppppppppppppppppppppppppppppppppppppppppppppppppppppppppppppppppppppppppppppppppppppppppppppppppppppppppppppppppppppppppppppppppproved", "over_18s": true, "broadcaster": "018e7f0d-75ac-47d5-8d19-12027591ba94", "primary_media_idx": 0, "approved": false, "created": "2023-04-10T16:40:14.334Z", "updated": "2023-04-10T16:40:14.334Z", "categories": [4]}}, {"model": "events.event", "pk": "XtraEvnt", "fields": {"title": "Demo Live Event", "description": "Lorem ipsum dolor sit amet, consectetur adipiscing elit, sed do eiusmod tempor incididunt ut labore et dolore magna aliqua. Ut enim ad minim veniam, quis nostrud exercitation ullamco laboris nisi ut aliquip ex ea commodo consequat. Duis aute irure dolor in reprehenderit in voluptate velit esse cillum dolore eu fugiat nulla pariatur. Excepteur sint occaecat cupidatat non proident, sunt in culpa qui officia deserunt mollit anim id est laborum.", "over_18s": false, "broadcaster": "018e7f0d-75ac-47d5-8d19-12027591ba94", "primary_media_idx": 0, "approved": true, "created": "2023-04-10T16:38:26.024Z", "updated": "2023-04-24T17:24:23.398Z", "categories": [3, 6, 7]}}, {"model": "events.eventreview", "pk": "3096df78-143d-4131-a1da-c0e197615ebd", "fields": {"author": "1ba0f707-ee15-49da-ac89-fa883a9e40a1", "event": "TestEvnt", "title": "Amazing", "body": "The show was Amaaaaaaaaaaaaazing", "created": "2023-04-10T19:06:59.271Z", "updated": "2023-04-24T18:39:38.626Z", "likes": 2, "rating": 4, "likers": ["1ba0f707-ee15-49da-ac89-fa883a9e40a1", "d145f7f7-89ff-4d83-b03a-18c1963a729c"]}}, {"model": "events.eventreview", "pk": "42c3bbe0-971c-4b79-b2f9-3a1b5e49299e", "fields": {"author": "d145f7f7-89ff-4d83-b03a-18c1963a729c", "event": "TestEvnt", "title": "Great", "body": "Amazing!", "created": "2023-04-24T18:40:18.072Z", "updated": "2023-04-24T18:40:25.810Z", "likes": 1, "rating": 5, "likers": ["d145f7f7-89ff-4d83-b03a-18c1963a729c"]}}, {"model": "events.eventreview", "pk": "48f53741-fc22-40a9-b344-95bc4e376bc8", "fields": {"author": "d145f7f7-89ff-4d83-b03a-18c1963a729c", "event": "NewEvent", "title": "sfsflmad;fl", "body": "boo", "created": "2023-04-10T22:10:11.590Z", "updated": "2023-04-24T13:27:02.217Z", "likes": 1, "rating": 4, "likers": ["d145f7f7-89ff-4d83-b03a-18c1963a729c"]}}, {"model": "events.eventreview", "pk": "536e619c-dfc6-4ab6-8ebc-906f88c6be93", "fields": {"author": "d145f7f7-89ff-4d83-b03a-18c1963a729c", "event": "XtraEvnt", "title": "aaaaaaaaaaaaaaaaaaaaaaaaa", "body": "aaaaaaaaaaaaaaaaaaaaaaaaaaaaaaaaaaaaaaaaaaaaaaaaaaaaaaaaaaaaaaaaaaaaaaaaaaaaaaaaaaaaaaaaaaaaaaaaaaaaaaaaaaaaaaaaaaaaaaaaaaaaaaaaaaaaaaaaaaaaaaaaaaaaaaaaaaaaaaaaaaaaaaaaaaaaaaaaaaaaaaaaaaaaaaaaaaaaaaaaaaaaaaaaaaaaaaaaaaaaaaaaaaaaaaaaaaaaa", "created": "2023-04-24T13:23:22.939Z", "updated": "2023-04-24T13:27:11.280Z", "likes": 1, "rating": 3, "likers": ["d145f7f7-89ff-4d83-b03a-18c1963a729c"]}}, {"model": "events.eventreview", "pk": "72515696-cc42-449a-a9e6-6fa887537091", "fields": {"author": "e8acfd40-78ae-41bb-954f-5af4c4a8b00a", "event": "TestEvnt", "title": "Terrible", "body": "This show was awful.. save your money", "created": "2023-04-24T17:12:21.473Z", "updated": "2023-04-24T17:37:32.731Z", "likes": 4, "rating": 1, "likers": ["1ba0f707-ee15-49da-ac89-fa883a9e40a1", "d145f7f7-89ff-4d83-b03a-18c1963a729c", "e8acfd40-78ae-41bb-954f-5af4c4a8b00a", "f8ba19fc-64fd-4e22-8ab0-c2bfbbab82c0"]}}, {"model": "events.eventreview", "pk": "7764febe-8bfe-4de1-bdf8-ea21a8489ee9", "fields": {"author": "f8ba19fc-64fd-4e22-8ab0-c2bfbbab82c0", "event": "TestEvnt", "title": "Impressed", "body": "Lots to like about this show.. recommend", "created": "2023-04-24T17:13:00.308Z", "updated": "2023-04-24T18:39:31.256Z", "likes": 2, "rating": 5, "likers": ["1ba0f707-ee15-49da-ac89-fa883a9e40a1", "d145f7f7-89ff-4d83-b03a-18c1963a729c"]}}, {"model": "events.eventreview", "pk": "ffb38ae5-1f37-4919-a70b-7bbf983583ff", "fields": {"author": "d145f7f7-89ff-4d83-b03a-18c1963a729c", "event": "7DaysOld", "title": "Great event!", "body": "Enjoyable", "created": "2023-04-22T22:19:26.538Z", "updated": "2023-04-24T14:38:04.539Z", "likes": 1, "rating": 4, "likers": ["d145f7f7-89ff-4d83-b03a-18c1963a729c"]}}, {"model": "events.eventmedia", "pk": "02b46afa-0f0a-4fae-aa54-c123d609bdec", "fields": {"event": "TestEvnt", "picture": "events/Comedy_nXSCRnu.jfif", "description": "a"}}, {"model": "events.eventmedia", "pk": "03fb2ace-d606-4b28-bd35-84b8dd46ea91", "fields": {"event": "TestEvnt", "picture": "events/romance_fclT7i4.png", "description": "sdas"}}, {"model": "events.eventmedia", "pk": "100e435f-e285-4d15-8aa2-03c7d9bec4e8", "fields": {"event": "NewEvent", "picture": "events/StandUp_8Ohe6L3.jfif", "description": "asasd"}}, {"model": "events.eventmedia", "pk": "2d8d5b5c-48c6-43fd-b9ff-8bd3ddbae0a4", "fields": {"event": "NewEvent", "picture": "events/Drama_9qsP6Vb.png", "description": "as"}}, {"model": "events.eventmedia", "pk": "31aad918-2832-4246-8d67-ecb480f73fb4", "fields": {"event": "XtraEvnt", "picture": "events/CianPP.png", "description": "asd"}}, {"model": "events.eventmedia", "pk": "399d0a84-1a03-44aa-98b3-520b8cfe6b25", "fields": {"event": "XtraEvnt", "picture": "events/Music_5H102Kw.png", "description": "a"}}, {"model": "events.eventmedia", "pk": "423fea52-354e-4705-92b4-ad74b2a0e521", "fields": {"event": "TestEvnt", "picture": "events/Drama_5eMsJai.png", "description": "a"}}, {"model": "events.eventmedia", "pk": "42c09fb0-8f9d-421d-beb3-7e74c4e741d4", "fields": {"event": "7DaysOld", "picture": "events/romance_aN1yYE2.png", "description": "s"}}, {"model": "events.eventmedia", "pk": "72915419-44e5-421f-a2be-cb94b7a9d82e", "fields": {"event": "NewEvent", "picture": "events/InviteOnly_lvLIOUy.jfif", "description": "as"}}, {"model": "events.eventmedia", "pk": "74835616-d700-47c3-be2d-db51d2bdab4b", "fields": {"event": "TestEvnt", "picture": "events/StandUp_ZX9JDdc.jfif", "description": "as"}}, {"model": "events.eventmedia", "pk": "7711e0af-f09e-4777-b79e-b268eb53e8ca", "fields": {"event": "NewEvent", "picture": "events/Comedy_rUhvUCT.jfif", "description": "as"}}, {"model": "events.eventmedia", "pk": "b81c37cc-06fe-4336-9075-d46c49752623", "fields": {"event": "TestEvnt", "picture": "events/Music_MDh5iGU.png", "description": "c"}}, {"model": "events.eventmedia", "pk": "d75119f2-d77a-4955-9878-979b81d95a34", "fields": {"event": "TestEvnt", "picture": "events/InviteOnly_J5522TF.jfif", "description": "b"}}, {"model": "events.eventtrailer", "pk": 1, "fields": {"event": "TestEvnt", "videofile": "videos/Watch_the_trailer_for_STEP_BROTHERS.480p.mp4", "description": "Step Brothers Trailer"}}, {"model": "events.eventtrailer", "pk": 2, "fields": {"event": "TstEvnt2", "videofile": "videos/Tomorrowland_Belgium_2022_l_Official_Trailer.480p.mp4", "description": "Tomorrowland Trailer"}}, {"model": "events.eventtrailer", "pk": 3, "fields": {"event": "XtraEvnt", "videofile": "videos/Tomorrowland_Belgium_2022_l_Official_Trailer.480p_36G82K7.mp4", "description": "Great trailer"}}, {"model": "events.eventshowing", "pk": "0adce5b7-fc68-4250-b08b-65d20582be12", "fields": {"event": "TstEvnt2", "country": "AT", "city": "London", "venue": "Wooooooooooooo", "time": "2023-03-10T16:44:16Z", "max_duration": 180}}, {"model": "events.eventshowing", "pk": "191c561b-d32c-4b4d-879f-23948a964e86", "fields": {"event": "NewEvent", "country": "AM", "city": "Detroit", "venue": "The Academy", "time": "2023-07-24T17:09:17Z", "max_duration": 120}}, {"model": "events.eventshowing", "pk": "4e977cf0-27ea-453d-8425-4d6641524310", "fields": {"event": "XtraEvnt", "country": "AW", "city": "Detroit", "venue": "The Academy", "time": "2023-03-11T15:15:03Z", "max_duration": 200}}, {"model": "events.eventshowing", "pk": "52f2a80d-2144-489a-b135-1e7236a15634", "fields": {"event": "TestEvnt", "country": "AL", "city": "London", "venue": "The Academy", "time": "2023-04-21T20:08:31Z", "max_duration": 120}}, {"model": "events.eventshowing", "pk": "57ed1eb4-4883-402f-8736-179f2542b409", "fields": {"event": "XtraEvnt", "country": "AO", "city": "Lala Land", "venue": "The Academy", "time": "2023-04-24T17:35:29Z", "max_duration": 300}}, {"model": "events.eventshowing", "pk": "5a78a4a2-d376-4ec6-8969-9f3278e57572", "fields": {"event": "NewEvent", "country": "AX", "city": "London", "venue": "The George", "time": "2023-03-11T15:14:01Z", "max_duration": 180}}, {"model": "events.eventshowing", "pk": "5fae3ada-d37e-4eee-aa35-c8ed2224bfe5", "fields": {"event": "TestEvnt", "country": "IE", "city": "Dublin", "venue": "The Gate", "time": "2023-06-10T16:41:37Z", "max_duration": 360}}, {"model": "events.eventshowing", "pk": "81f7e2d0-bbc4-444d-9db9-1a0fa62ca839", "fields": {"event": "UnApEvnt", "country": "AR", "city": "Lala Land", "venue": "The George", "time": "2023-07-10T16:46:18Z", "max_duration": 120}}, {"model": "events.eventshowing", "pk": "8a370844-259e-4e8a-80a8-5e88f1b91bda", "fields": {"event": "TestEvnt", "country": "GB", "city": "London", "venue": "Stratford Hall", "time": "2023-12-10T16:42:43Z", "max_duration": 300}}, {"model": "events.eventshowing", "pk": "a70c6fb6-2318-4cd7-ab63-dab24f1f90a8", "fields": {"event": "XtraEvnt", "country": "BH", "city": "London", "venue": "The George", "time": "2023-02-10T16:44:53Z", "max_duration": 150}}, {"model": "events.eventshowing", "pk": "b0f13878-d5c5-48ed-87e1-9d2000537ec2", "fields": {"event": "TstEvnt2", "country": "AG", "city": "Detroit", "venue": "Stratford Hall", "time": "2024-09-20T16:44:00Z", "max_duration": 180}}, {"model": "events.eventshowing", "pk": "ba842190-3175-4eb3-b35d-cbc728be94d4", "fields": {"event": "XtraEvnt", "country": "AS", "city": "Dublin", "venue": "The George", "time": "2023-04-21T11:48:56Z", "max_duration": 120}}, {"model": "events.eventshowing", "pk": "c0364cc8-2701-4d0f-b2c4-fbdaf000872d", "fields": {"event": "XtraEvnt", "country": "AT", "city": "London", "venue": "The Academy", "time": "2023-04-24T19:00:18Z", "max_duration": 150}}, {"model": "events.eventshowing", "pk": "d6158eac-9061-4edb-ae95-fc6a1efa266a", "fields": {"event": "NewEvent", "country": "AS", "city": "Shiiiiiiiiiiiiiit ye", "venue": "The George", "time": "2023-04-11T15:14:48Z", "max_duration": 2000}}, {"model": "events.eventshowing", "pk": "d866d3f3-d1a0-40e5-954e-1f5d441296f9", "fields": {"event": "7DaysOld", "country": "AW", "city": "Dublin", "venue": "The Gate", "time": "2023-04-10T21:49:11Z", "max_duration": 120}}]